<?xml version="1.0"?>

<ruleset name="Comments"
    xmlns="http://pmd.sourceforge.net/ruleset/2.0.0"
    xmlns:xsi="http://www.w3.org/2001/XMLSchema-instance"
    xsi:schemaLocation="http://pmd.sourceforge.net/ruleset/2.0.0 http://pmd.sourceforge.net/ruleset_2_0_0.xsd">

  <description>
Rules intended to catch errors related to code comments
  </description>

   <rule ref="rulesets/java/comments.xml/CommentSize">
      <properties>
         <property name="maxLines" value="13"/>
         <property name="maxLineLength" value="100"/>
      </properties>
   </rule>

   <rule ref="rulesets/java/comments.xml">
      <exclude name="CommentSize"/>
   </rule>

 </ruleset>