<!--
 * Copyright 2008-2009 ISP RAS (http://www.ispras.ru), UniTESK Lab (http://www.unitesk.com)
 *
 * Licensed under the Apache License, Version 2.0 (the "License");
 * you may not use this file except in compliance with the License.
 * You may obtain a copy of the License at
 *
 *     http://www.apache.org/licenses/LICENSE-2.0
 *
 * Unless required by applicable law or agreed to in writing, software
 * distributed under the License is distributed on an "AS IS" BASIS,
 * WITHOUT WARRANTIES OR CONDITIONS OF ANY KIND, either express or implied.
 * See the License for the specific language governing permissions and
 * limitations under the License.
  -->
<project name="buildbase" basedir="." xmlns:ivy="antlib:org.apache.ivy.ant">

<!-- 
  BuildBase - ant+ivy based build system
  $Id: buildbase.xml 128 2014-01-24 11:53:46Z demakov $
  -->

<!-- interface targets -->

  <fail message="Ant version is ${ant.version}. Please, use ant-1.7.0 or later.">
    <condition>
      <not>
        <antversion atleast="1.7.0"/>
      </not>
    </condition>
  </fail>

  <target name="none" description="Do nothing"/>

  <target name="clean"
          description="Clean generated files"
          depends="init">
    <delete dir="${output.dir}"/>
  </target>

  <target name="clean.distr"
          description="Clean distributions"
          depends="init">
    <delete dir="${distr.root.dir}"/>
  </target>

  <target name="setup" 
          depends="get.buildbase,get.ivy,get.dependencies"
          description="Setup build environment and retrieve dependencies"/>

  <target name="version.increment"
          depends="update.version.properties"
          description="Update build number and date"/>

  <target name="version.commit"
          depends="commit.version.properties.cvs,commit.version.properties.svn"
          description="Commit version information to repository"/>

  <target name="distr.src"
          description="Build module source distribution"
          depends="pack.src.zip,pack.src.tgz"/>

  <target name="distr.jar"
          description="Build module jar file"
          depends="compile.java,pack.jar"/>

  <target name="distr.all"
          description="Build module distribution"
          depends="pack.all"/>

  <target name="distr"
          depends="distr.src,distr.jar,distr.all"
          description="Build module distributions"/>

  <target name="all"
          description="Resolve dependencies, Update version and Build all"
          depends="setup,version.increment,distr,version.commit,tag">
  </target>

  <target name="tag"
          depends="tag.cvs,tag.svn"
          description="Tag current version in source repository"/>

  <target name="publish" depends="publish.all"
          description="Publish module">
  </target>

<!-- internal targets -->

  <!-- To be overridden in specific projects -->
  <target name="init.project"/>

  <target name="init.properties" depends="init.project">
    <dirname property="buildbase.basedir" file="${ant.file.buildbase}"/>

    <property environment="env"/>
    <property file="version.properties"/>
    <property file="module.properties"/>
    <property file="${buildbase.basedir}/buildbase.properties"/>
    <property file="module2.properties"/>

    <condition property="filters.enabled.flag">
      <istrue value="${filters.enabled}"/>
    </condition>

    <condition property="compile.java.src.dir" 
               value="${filtered.src.java.dir}" 
               else="${src.java.dir}">
      <istrue value="${filters.enabled}"/>
    </condition>

    <condition property="clover.used">
      <and>
        <istrue value="${cloverize}"/>
        <equals arg1="${module.version.status}"
                arg2="clover" 
                casesensitive="false"/>
      </and>
    </condition>

    <!-- Check platform -->
 
    <condition property="platform.windows">
      <os family="windows"/>
    </condition>
  
    <condition property="platform.unix">
      <os family="unix"/>
    </condition>

    <condition property="platform.mac">
      <os family="mac"/>
    </condition>

    <!-- set distr format -->
    <condition property="is.src.distr.zipped">
      <or>
        <isset property="platform.winnt"/>
        <and>
          <equals arg1="${module.vendor}" arg2="UniTESK"/>
          <equals arg1="${module.name}"   arg2="buildbase"/>
        </and>
	</or>  
    </condition>

    <condition property="is.distr.zipped">
      <isset property="platform.winnt"/>
    </condition>

    <!-- javadoc -->
    <condition property="javadoc.enabled">
      <not>
        <isset property="module.mainclass"/>
      </not>
    </condition>
  </target>

  <target name="init.svn" depends="init">
    <available property="svn.uptodate"
               file="${tools.dir}/antlib-svn.jar"/>
  </target>

  <target name="get.svn" depends="init.svn" unless="svn.uptodate">
    <get src="${buildbase.repo.url}/ant/jars/antlib-svn.jar"
         dest="${tools.dir}/antlib-svn.jar"
         usetimestamp="true"/>
  </target>

  <target name="setup.svn" depends="get.svn">
    <taskdef name="svn" 
             classname="org.apache.ant.svn.Svn" 
             classpath="${tools.dir}/antlib-svn.jar"/>
  </target>

  <target name="init.buildbase" depends="init.properties">
    <condition property="buildbase.file"
               value="buildbase-${buildbase.version}.zip"
               else="buildbase.zip">
      <isset property="buildbase.version"/>
    </condition>
    <property name="dir.buildbase.file" 
              value="${buildbase.basedir}/${buildbase.file}"/>
    <condition property="buildbase.uptodate">
      <or>
        <and>
          <available file="${dir.buildbase.file}"/>
          <isset property="buildbase.version"/>
        </and>
        <and>
          <equals arg1="${module.vendor}" arg2="UniTESK"/>
          <equals arg1="${module.name}"   arg2="buildbase"/>
        </and>
        <isset property="env.BUILDBASE_OFFLINE_MODE"/>
      </or>
    </condition>
  </target>

  <target name="get.buildbase" 
          depends="init.buildbase" 
          unless="buildbase.uptodate">
    <mkdir dir="${buildbase.basedir}"/>
    <get src="${buildbase.repo.url}/buildbase/distributions/${buildbase.file}"
         dest="${dir.buildbase.file}"
         usetimestamp="true"/>
    <unzip src="${dir.buildbase.file}" 
           dest="${buildbase.basedir}"
           overwrite="false">
      <patternset>
        <include name="tools/buildbase/*"/>
      </patternset>
      <flattenmapper/>
    </unzip>
  </target>

  <target name="init.ivy" depends="init.properties">
    <property name="ivy.dir" value="${buildbase.basedir}"/>
    <property name="ivy.jar" value="ivy-${ivy.version}.jar"/>
    <property name="dir.ivy.jar" value="${ivy.dir}/${ivy.jar}"/>

    <available property="ivy.used" file="${ivy.dep.file}"/>

    <condition property="ivy.uptodate">
      <or>
        <not>
          <isset property="ivy.used"/>
        </not>
        <available file="${dir.ivy.jar}"/>
      </or>
    </condition>

    <condition property="get.dependencies">
      <and>
        <isset property="ivy.used"/>
        <not>
          <isset property="env.BUILDBASE_OFFLINE_MODE"/>
        </not>
      </and>
    </condition>

  </target>

  <target name="get.ivy" depends="init.ivy" unless="ivy.uptodate">
    <mkdir dir="${ivy.dir}"/>
    <!-- download Ivy from web site so that it can be used even without any special installation -->
    <echo message="installing ivy..."/>
    <get src="${buildbase.repo.url}/ivy/jars/${ivy.jar}"
         dest="${dir.ivy.jar}"
         usetimestamp="true"/>
  </target>

  <target name="setup.ivy" depends="get.ivy" if="ivy.used">
    <path id="ivy.lib.path">
      <fileset dir="${ivy.dir}" includes="${ivy.jar}"/>
    </path>
    <taskdef resource="org/apache/ivy/ant/antlib.xml" 
             uri="antlib:org.apache.ivy.ant" 
             classpathref="ivy.lib.path"/>
  </target>

  <target name="get.dependencies" depends="setup.ivy" if="get.dependencies">
    <mkdir dir="${libs.dir}"/>
    <ivy:settings/>
    <ivy:resolve/>
    <condition property="ivy.pattern.prefix" value="" else="${basedir}">
      <istrue value="${ivy.patterns.absolute}"/>
    </condition>
    <ivy:retrieve conf="runtime"
                  pattern="${ivy.pattern.prefix}/${ivy.retrieve.runtime.pattern}"/>
    <ivy:retrieve conf="build"
                  pattern="${ivy.pattern.prefix}/${ivy.retrieve.build.pattern}"/>
  </target>

  <target name="init" depends="setup"/>

  <target name="update.version.properties" depends="init">
    <tstamp>
      <format property="module.version.date.new" pattern="yyMMdd"/>
    </tstamp>

    <propertyfile file="version.properties"> 
      <entry key="module.version.build" type="int" default="0" operation="+"/>
      <entry key="module.version.date"  value="${module.version.date.new}"/>
    </propertyfile>
  </target>

  <target name="setup.cvs.message"
          depends="init"
          if="module.cvs">
    <condition property="module.cvs.message"
               value="${module.cvs.tag}">
      <not>
        <isset property="module.cvs.message"/>
      </not>
    </condition>
  </target>

  <target name="setup.svn.message"
          depends="setup.svn"
          if="module.svn">
    <condition property="module.svn.message"
               value="${module.svn.tag}">
      <not>
        <isset property="module.svn.message"/>
      </not>
    </condition>
  </target>

  <target name="commit.version.properties.cvs" 
          depends="init,setup.cvs.message" 
          if="module.cvs">
    <cvs command="-q commit -m ${module.cvs.message} version.properties" failonerror="true"/>
  </target>

  <target name="commit.version.properties.svn" 
          depends="setup.svn,setup.svn.message" 
          if="module.svn">
    <svn subcommand="-q commit -m ${module.svn.message} version.properties" failonerror="true"/>
  </target>

  <target name="tag.cvs" 
          depends="init,setup.cvs.message" 
          if="module.cvs"
          description="Tag current sources with tag according to module version">
    <cvs command="-q tag -F -R ${module.cvs.tag}" failonerror="true"/>
  </target>

  <target name="tag.svn"
          depends="setup.svn,setup.svn.message"
          if="module.svn">
    <svn subcommand="-q copy ${module.svn}/${module.svn.dir} ${module.svn}/tags/${module.svn.tag} -m '${module.svn.message}'" failonerror="true"/>
  </target>

  <target name="filters.define" 
          depends="init"
          if="filters.enabled.flag">
    <filter token="MODULE.NAME"          value="${module.name}"/>
    <filter token="MODULE.VERSION"       value="${module.version}"/>
    <filter token="MODULE.VERSION.MAJOR" value="${module.version.major}"/>
    <filter token="MODULE.VERSION.MINOR" value="${module.version.minor}"/>
    <filter token="MODULE.VERSION.PATCH" value="${module.version.patch}"/>
    <filter token="MODULE.VERSION.BUILD" value="${module.version.patch}"/>
    <filter token="MODULE.VERSION.DATE"  value="${module.version.date}"/>
  </target>

  <target name="filter.src.dir"
          depends="filters.define" 
          if="filters.enabled.flag">
    <copy todir="${filtered.src.dir}" filtering="true">
      <fileset dir="${src.dir}"/>
    </copy>
  </target>

  <target name="javacc" depends="init">
    <copy file="${tools.dir}/javacc.jar" todir="${tools.dir}/bin/lib"/>
    <mkdir dir="${javacc.output.dir}"/>
    <javacc target="${javacc.file}"
            outputdirectory="${javacc.output.dir}"
            javacchome="${tools.dir}"
    />
  </target>

  <target name="treedl.classpath" depends="init">
    <path id="treedl.classpath">
      <pathelement location="${tools.dir}/antlr.jar"/>
      <pathelement location="${libs.dir}/antlr.jar"/>
      <pathelement location="${tools.dir}/treedl.jar"/>
      <pathelement location="${tools.dir}/atplib.jar"/>
      <pathelement location="${libs.dir}/atplib.jar"/>
    </path>
  </target>

  <target name="treedl.properties" depends="init"/>

  <target name="treedl.translate" depends="treedl.classpath,treedl.properties">
    <property name="treedl.properties.file" 
              value="${treedl.file}.properties"/>

    <propertyset id="treedl.properties">
      <propertyref prefix="treedl"/>
    </propertyset>

    <java classname="com.unitesk.atp.treedl.Main" 
          fork="true"
          classpathref="treedl.classpath">
      <syspropertyset refid="treedl.properties"/>
      <arg line="${treedl.file} ${treedl.actions}"/>
    </java>
  </target>

  <!-- To be overridden in projects that use source generation -->
  <target name="generate.java"/>

  <target name="compile.java.lib.path.eclipse" depends="init" if="eclipse.version.required">
    <fail>
ECLIPSE_HOME environment variable not set.
Please, install Eclipse ${eclipse.version.required} and set ECLIPSE_HOME.
      <condition>
        <and>
            <not>
              <isset property="env.ECLIPSE_HOME"/>
            </not>
        </and>
      </condition>
    </fail>
    <path id="compile.java.lib.path">
      <fileset dir="${basedir}" includes="${libs.dir}/*.jar"/>
      <fileset dir="${env.ECLIPSE_HOME}/plugins" includes="**/*.jar"/>
    </path>
  </target>

  <target name="compile.java.lib.path" depends="init,compile.java.lib.path.eclipse" unless="eclipse.version.required">
    <path id="compile.java.lib.path">
      <fileset dir="${basedir}" includes="${libs.dir}/*.jar"/>
    </path>
  </target>

  <target name="compile.java.src.path" depends="init">
    <path id="compile.java.src.path"/>
  </target>

  <target name="setup.clover" depends="setup" if="clover.used">
    <taskdef resource="cloverlib.xml"
             classpath="${tools.dir}/clover-ant.jar"/>
    <clover-setup initstring="${output.clover.dir}/${clover.db}"/>
  </target>

  <target name="compile.java" 
          depends="filter.src.dir,generate.java,compile.java.src.path,compile.java.lib.path,setup.clover">
    <mkdir dir="${output.class.dir}"/>
    <javac destdir="${output.class.dir}"
           classpathref="compile.java.lib.path"
           excludes="${compile.java.exclude}"
           deprecation="on"
           encoding="${compile.java.encoding}"
           debug="${compile.java.debug}"
           debuglevel="${compile.java.debug.level}"
           verbose="${compile.java.verbose}"
           includeantruntime="false">
      <src>
        <pathelement location="${compile.java.src.dir}"/>
        <path refid="compile.java.src.path"/>
      </src>
    </javac>
    <copy file="${output.clover.dir}/${clover.db}"
          tofile="${output.class.dir}/${clover.db}"
          failonerror="false"/>
  </target>

  <target name="copy.resources" depends="init">
    <copy todir="${output.class.dir}">
      <fileset dir="${compile.java.src.dir}"
               includes="**/*.properties"
               excludes="**/*.*.properties"/>
    </copy>
  </target>

  <target name="changelog.cvs" depends="init" if="module.cvs">
    <cvschangelog dir="."
                  destfile="${dir.changelog.file}.xml"/>
    <xslt in="${dir.changelog.file}.xml" 
          out="${dir.changelog.file}.html" 
          style="${ant.home}/etc/changelog.xsl">
      <param name="title" expression="${module.name} ChangeLog"/>
      <param name="module" expression="${module.name}"/>
      <param name="cvsweb" expression="${module.cvsweb.url}"/>
    </xslt>
  </target>

  <target name="metainf.init" depends="compile.java.lib.path">
    <mkdir dir="${metainf.dir}"/>
  </target>

  <target name="manifest.init" depends="metainf.init">
    <!-- in fact, ${module.distr.jar} is not in ${libs.dir},
         it is required to have proper relative paths in manifest file.
         This directory must exist -->
    <mkdir dir="${libs.dir}"/>
    <manifestclasspath property="module.classpath"
                       jarfile="${libs.dir}/${module.distr.jar}">
        <classpath refid="compile.java.lib.path"/>
    </manifestclasspath>
  </target>

  <target name="manifest.lib" depends="manifest.init" unless="module.mainclass">
    <manifest file="${dir.manifest.file}">
      <attribute name="Built-By"               value="${module.buildby}"/>
      <attribute name="Specification-Title"    value="${module.specification.title}"/>
      <attribute name="Specification-Version"  value="${module.specification.version}"/>
      <attribute name="Specification-Vendor"   value="${module.specification.vendor}"/>
      <attribute name="Implementation-Title"   value="${module.implementation.title}"/>
      <attribute name="Implementation-Version" value="${module.implementation.version}"/> 
      <attribute name="Implementation-Vendor"  value="${module.implementation.vendor}"/>
      <attribute name="Class-Path"             value="${module.classpath}"/>
    </manifest>
  </target>

  <target name="manifest.app" depends="manifest.init" if="module.mainclass">
    <manifest file="${dir.manifest.file}">
      <attribute name="Built-By"               value="${module.buildby}"/>
      <attribute name="Specification-Title"    value="${module.specification.title}"/>
      <attribute name="Specification-Version"  value="${module.specification.version}"/>
      <attribute name="Specification-Vendor"   value="${module.specification.vendor}"/>
      <attribute name="Implementation-Title"   value="${module.implementation.title}"/>
      <attribute name="Implementation-Version" value="${module.implementation.version}"/> 
      <attribute name="Implementation-Vendor"  value="${module.implementation.vendor}"/>
      <attribute name="Main-Class"             value="${module.mainclass}"/>
      <attribute name="Class-Path"             value="${module.classpath}"/>
    </manifest>
  </target>

  <target name="metainf.license" depends="metainf.init" if="module.license.file">
    <copy file="${module.license.file}" todir="${metainf.dir}"/>
  </target>

  <target name="metainf" depends="manifest.lib,manifest.app,metainf.license"/>

  <target name="pack.jar" depends="compile.java,copy.resources,metainf">
    <mkdir dir="${distr.root.dir}"/>
    <jar destfile="${dir.module.distr.jar}" 
         manifest="${dir.manifest.file}"
         duplicate="fail"
         basedir="${output.class.dir}"/>
  </target>

  <target name="pack.src.fileset" depends="init">
      <fileset dir="${basedir}" id="src.src">
        <exclude name="${libs.dir}/"/>
        <exclude name="${tools.dir}/"/>
        <exclude name="${output.dir}/"/>
        <exclude name="${distr.root.dir}/"/>
      </fileset>
      <!-- if module has its own buildbase copy, 
           include it in source distribution     -->
      <fileset dir="${basedir}" id="src.buildbase">
        <include name="${buildbase.dir}/"/>
        <exclude name="${buildbase.dir}/*.jar"/>
        <exclude name="${buildbase.dir}/*.zip"/>
      </fileset>
  </target>

  <target name="pack.src.zip" depends="pack.src.fileset" if="is.src.distr.zipped">
    <mkdir dir="${distr.root.dir}"/>
    <zip destfile="${dir.module.distr.src.zip}" duplicate="fail">
      <fileset refid="src.src"/>
      <fileset refid="src.buildbase"/>
    </zip>
  </target>

  <target name="pack.src.tgz" depends="pack.src.fileset" unless="is.src.distr.zipped">
    <mkdir dir="${distr.root.dir}"/>
    <tar destfile="${dir.module.distr.src.tgz}"
         longfile="gnu"
         compression="gzip">
      <fileset refid="src.src"/>
      <fileset refid="src.buildbase"/>
    </tar>
  </target>

  <target name="pack.src" depends="pack.src.zip,pack.src.tgz"/>

  <!-- for applications: copy dependencies to distribution -->
  <target name="gather.libs" depends="init" if="module.mainclass">
    <copy todir="${distr.libs.dir}">
      <fileset dir="${libs.dir}" includes="*.jar"/>
    </copy>
  </target>

  <!-- .odt -> .pdf using OpenOffice -->
  <target name="openoffice.init.winnt" depends="init" if="platform.winnt">
    <condition property="OPEN_OFFICE_HOME"
               value="${env.OPEN_OFFICE_HOME}"
               else="${oo.home.default.winnt}">
      <isset property="env.OPEN_OFFICE_HOME"/>
    </condition>

    <property name="soffice.exe"
              value="${OPEN_OFFICE_HOME}\program\soffice.exe"/>
  </target>
  
  <target name="openoffice.init.unix" depends="init" if="platform.unix">
    <condition property="OPEN_OFFICE_HOME"
               value="${env.OPEN_OFFICE_HOME}"
               else="${oo.home.default.unix}">
      <isset property="${env.OPEN_OFFICE_HOME}"/>
    </condition>

    <condition property="soffice.exe"
               value="${OPEN_OFFICE_HOME}/oowriter"
               else="${OPEN_OFFICE_HOME}/lowriter">
      <available file="${OPEN_OFFICE_HOME}/oowriter"/>
    </condition>
  </target>
  
  <target name="openoffice.init" depends="openoffice.init.winnt,openoffice.init.unix">
    <fail>>

Illegal value: OPEN_OFFICE_HOME=${OPEN_OFFICE_HOME}
File not found: ${soffice.exe}
Please, install Libre (Open) Office, import macros from '${buildbase.dir}/doc2pdf.bas' 
and set OPEN_OFFICE_HOME environment variable if it differs from value above.
      <condition>
        <not>
          <available file="${soffice.exe}"/>
        </not>
      </condition>
    </fail>
  </target>

  <target name="odt.to.pdf" depends="openoffice.init">
    <exec executable="${soffice.exe}">
      <arg value="-invisible"/>
      <arg value="macro:///Standard.Module1.ConvertWordToPDF(${input.file},${output.file})"/>
    </exec>
    <fail>>

${output.file} has not been created. Please, import macros from '${buildbase.dir}/doc2pdf.bas'
to Open Office Writer and run ant again.
      <condition>
        <not>
          <available file="${output.file}"/>
        </not>
      </condition>
    </fail>
  </target>

  <!-- To be overridden in projects that use source generation -->
  <target name="gather.docs"/>

  <target name="gather.distr.src.zip" depends="distr.src" if="is.src.distr.zipped">
    <copy file="${dir.module.distr.src.zip}" 
          tofile="${distr.src.dir}/${module.distr.src.zip}"/>
  </target>
  
  <target name="gather.distr.src.tgz" depends="distr.src" unless="is.src.distr.zipped">
    <copy file="${dir.module.distr.src.tgz}" 
          tofile="${distr.src.dir}/${module.distr.src.tgz}"/>
  </target>
  
  <target name="gather.distr.src" depends="gather.distr.src.zip,gather.distr.src.tgz"/>
  
  <target name="gather.changelog.cvs" depends="changelog.cvs" if="module.cvs">
    <copy file="${dir.changelog.file}.html"
          tofile="${distr.dir}/${changelog.file}.html"/>
  </target>

  <target name="gather.changelog" depends="gather.changelog.cvs"/>

  <target name="gather.license" depends="init" if="module.license.file">
    <copy file="${module.license.file}" todir="${distr.dir}"/>
  </target>

  <target name="javadoc"
          depends="compile.java.src.path,compile.java.lib.path"
          if="javadoc.enabled">
    <javadoc sourcepath="${compile.java.src.dir}"
             sourcepathref="compile.java.src.path"
             classpathref="compile.java.lib.path"
             destdir="${distr.javadoc.dir}"
             encoding="${compile.java.encoding}"/>
  </target>

  <target name="distr.javadoc"
          depends="javadoc"
          if="javadoc.enabled">
    <zip destfile="${distr.root.dir}/${module.name}-javadoc-${module.version}.zip" 
         duplicate="fail"
         basedir="${distr.javadoc.dir}"/>
  </target>

  <target name="gather.distr" depends="gather.distr.src,distr.jar,gather.changelog,gather.libs,gather.docs,gather.license,javadoc">
    <copy file="${dir.module.distr.jar}" 
          tofile="${distr.libs.dir}/${module.name}.jar"/>
  </target>

  <target name="pack.all.zip" depends="gather.distr" if="is.distr.zipped">
    <mkdir dir="${distr.root.dir}"/>
    <zip destfile="${dir.module.distr.zip}" 
         duplicate="fail"
         basedir="${output.dir}"
         includes="${module.distr}/"/>
  </target>

  <target name="pack.all.tgz" depends="gather.distr" unless="is.distr.zipped">
    <mkdir dir="${distr.root.dir}"/>
    <tar destfile="${dir.module.distr.tgz}"
         longfile="gnu"
         compression="gzip">
            <tarfileset dir="${output.dir}"
                        includes="${module.distr}/"
                        excludes="${distr.exe.file.mask}"/>
            <tarfileset dir="${output.dir}"
                        filemode="755"
                        includes="${distr.exe.file.mask}"/>
    </tar>
  </target>

  <target name="pack.all" depends="pack.all.zip,pack.all.tgz"/>

  <target name="publish.jar" depends="init" if="ivy.used">
    <ivy:publish resolver="publish"
                 pubrevision="${module.version}"
                 conf="jar"
                 publishivy="false"
                 status="${module.version.status}"
                 srcivypattern="${distr.root.dir}/ivy.xml"
                 artifactspattern="${distr.root.dir}/[artifact]-[revision].[ext]"/>
  </target>

  <target name="publish.all" depends="publish.jar"/>
                                                                               
  <target name="init.pmd" depends="init">
    <property name="pmd.version" value="5.0.5"/>
    <available property="pmd.uptodate"
               file="${tools.dir}/pmd-${pmd.version}.jar"/>
  </target>

  <target name="get.pmd" depends="init.pmd" unless="pmd.uptodate">
    <get src="${buildbase.repo.url}/pmd/jars/pmd-${pmd.version}.jar"
         dest="${tools.dir}/pmd-${pmd.version}.jar"
         usetimestamp="true"/>
    <get src="${buildbase.repo.url}/jaxen/jars/jaxen-1.1.1.jar"
         dest="${tools.dir}/jaxen-1.1.1.jar"
         usetimestamp="true"/>
    <get src="${buildbase.repo.url}/asm/jars/asm-3.2.jar"
         dest="${tools.dir}/asm-3.2.jar"
         usetimestamp="true"/>
  </target>

  <target name="setup.pmd" depends="get.pmd">
    <taskdef name="pmd" classname="net.sourceforge.pmd.ant.PMDTask"
             classpath="${tools.dir}/pmd-${pmd.version}.jar;${tools.dir}/jaxen-1.1.1.jar;${tools.dir}/asm-3.2.jar"/>
  </target>

  <target name="pmd.java" depends="setup.pmd">
    <mkdir dir="${output.pmd.dir}"/>
    <pmd rulesetfiles="${pmd.rulesets}">
      <sourceLanguage name="java" version="${java.source.version}"/>
      <fileset dir="${compile.java.src.dir}"/>
      <formatter type="xml" toFile="${output.pmd.dir}/pmd.xml"/>
    </pmd>
  </target>

</project>
